timestamp,demand,hour,day_of_week,spike_event,drop_event
2024-01-01T00:00:00,71.2252,0,0,False,False
2024-01-01T01:00:00,71.0499,1,0,False,False
2024-01-01T02:00:00,69.3263,2,0,False,False
2024-01-01T03:00:00,53.2212,3,0,False,False
2024-01-01T04:00:00,67.3927,4,0,False,False
2024-01-01T05:00:00,64.4655,5,0,False,False
2024-01-01T06:00:00,68.6114,6,0,False,False
2024-01-01T07:00:00,100.8599,7,0,False,False
2024-01-01T08:00:00,121.8644,8,0,False,False
2024-01-01T09:00:00,128.4438,9,0,False,False
2024-01-01T10:00:00,139.7956,10,0,False,False
2024-01-01T11:00:00,144.9431,11,0,False,False
2024-01-01T12:00:00,150.3844,12,0,False,False
2024-01-01T13:00:00,144.8957,13,0,False,False
2024-01-01T14:00:00,129.6461,14,0,False,False
2024-01-01T15:00:00,155.3722,15,0,False,False
2024-01-01T16:00:00,157.5643,16,0,False,False
2024-01-01T17:00:00,156.7239,17,0,False,False
2024-01-01T18:00:00,156.9892,18,0,False,False
2024-01-01T19:00:00,163.1087,19,0,False,False
2024-01-01T20:00:00,142.3446,20,0,False,False
2024-01-01T21:00:00,126.1698,21,0,False,False
2024-01-01T22:00:00,108.4157,22,0,False,False
2024-01-01T23:00:00,84.0186,23,0,False,False
2024-01-02T00:00:00,67.2127,0,1,False,False
2024-01-02T01:00:00,69.9634,1,1,False,False
2024-01-02T02:00:00,59.8458,2,1,False,False
2024-01-02T03:00:00,60.4299,3,1,False,False
2024-01-02T04:00:00,50.4329,4,1,False,False
2024-01-02T05:00:00,60.2194,5,1,False,False
2024-01-02T06:00:00,77.7860,6,1,False,False
2024-01-02T07:00:00,96.5556,7,1,False,False
2024-01-02T08:00:00,104.3750,8,1,False,False
2024-01-02T09:00:00,112.6385,9,1,False,False
2024-01-02T10:00:00,129.6856,10,1,False,False
2024-01-02T11:00:00,140.4307,11,1,False,False
2024-01-02T12:00:00,142.4788,12,1,False,False
2024-01-02T13:00:00,134.4259,13,1,False,False
2024-01-02T14:00:00,138.5876,14,1,False,False
2024-01-02T15:00:00,154.1723,15,1,False,False
2024-01-02T16:00:00,152.4690,16,1,False,False
2024-01-02T17:00:00,145.7294,17,1,False,False
2024-01-02T18:00:00,162.3793,18,1,False,False
2024-01-02T19:00:00,175.8668,19,1,False,False
2024-01-02T20:00:00,138.0888,20,1,False,False
2024-01-02T21:00:00,126.2427,21,1,False,False
2024-01-02T22:00:00,103.0091,22,1,False,False
2024-01-02T23:00:00,89.2209,23,1,False,False
2024-01-03T00:00:00,77.5935,0,2,False,False
2024-01-03T01:00:00,78.4301,1,2,False,False
2024-01-03T02:00:00,66.1005,2,2,False,False
2024-01-03T03:00:00,102.9310,3,2,True,False
2024-01-03T04:00:00,64.9601,4,2,False,False
2024-01-03T05:00:00,63.4021,5,2,False,False
2024-01-03T06:00:00,60.9951,6,2,False,False
2024-01-03T07:00:00,90.2288,7,2,False,False
2024-01-03T08:00:00,121.5460,8,2,False,False
2024-01-03T09:00:00,126.0813,9,2,False,False
2024-01-03T10:00:00,137.9427,10,2,False,False
2024-01-03T11:00:00,134.9570,11,2,False,False
2024-01-03T12:00:00,135.8278,12,2,False,False
2024-01-03T13:00:00,142.9523,13,2,False,False
2024-01-03T14:00:00,154.6559,14,2,False,False
2024-01-03T15:00:00,157.9433,15,2,False,False
2024-01-03T16:00:00,158.8666,16,2,False,False
2024-01-03T17:00:00,159.0833,17,2,False,False
2024-01-03T18:00:00,166.5505,18,2,False,False
2024-01-03T19:00:00,157.5704,19,2,False,False
2024-01-03T20:00:00,132.9221,20,2,False,False
2024-01-03T21:00:00,114.1385,21,2,False,False
2024-01-03T22:00:00,101.4697,22,2,False,False
2024-01-03T23:00:00,85.3800,23,2,False,False
2024-01-04T00:00:00,64.9190,0,3,False,False
2024-01-04T01:00:00,67.3627,1,3,False,False
2024-01-04T02:00:00,60.3321,2,3,False,False
2024-01-04T03:00:00,57.1720,3,3,False,False
2024-01-04T04:00:00,57.2502,4,3,False,False
2024-01-04T05:00:00,60.5474,5,3,False,False
2024-01-04T06:00:00,66.7382,6,3,False,False
2024-01-04T07:00:00,95.3501,7,3,False,False
2024-01-04T08:00:00,94.0650,8,3,False,False
2024-01-04T09:00:00,103.5613,9,3,False,False
2024-01-04T10:00:00,126.4615,10,3,False,False
2024-01-04T11:00:00,133.6610,11,3,False,False
2024-01-04T12:00:00,138.6112,12,3,False,False
2024-01-04T13:00:00,132.4694,13,3,False,False
2024-01-04T14:00:00,131.8350,14,3,False,False
2024-01-04T15:00:00,140.9344,15,3,False,False
2024-01-04T16:00:00,144.1677,16,3,False,False
2024-01-04T17:00:00,168.5731,17,3,False,False
2024-01-04T18:00:00,163.3326,18,3,False,False
2024-01-04T19:00:00,160.7339,19,3,False,False
2024-01-04T20:00:00,163.8467,20,3,False,False
2024-01-04T21:00:00,126.2804,21,3,False,False
2024-01-04T22:00:00,110.8105,22,3,False,False
2024-01-04T23:00:00,95.3926,23,3,False,False
2024-01-05T00:00:00,83.5611,0,4,False,False
2024-01-05T01:00:00,73.0468,1,4,False,False
2024-01-05T02:00:00,21.6319,2,4,False,True
2024-01-05T03:00:00,47.9114,3,4,False,False
2024-01-05T04:00:00,55.9371,4,4,False,False
2024-01-05T05:00:00,77.7274,5,4,False,False
2024-01-05T06:00:00,85.5229,6,4,False,False
2024-01-05T07:00:00,96.6112,7,4,False,False
2024-01-05T08:00:00,114.1434,8,4,False,False
2024-01-05T09:00:00,113.2581,9,4,False,False
2024-01-05T10:00:00,126.5761,10,4,False,False
2024-01-05T11:00:00,141.2730,11,4,False,False
2024-01-05T12:00:00,149.2262,12,4,False,False
2024-01-05T13:00:00,131.9260,13,4,False,False
2024-01-05T14:00:00,132.8394,14,4,False,False
2024-01-05T15:00:00,156.0391,15,4,False,False
2024-01-05T16:00:00,149.3870,16,4,False,False
2024-01-05T17:00:00,174.7292,17,4,False,False
2024-01-05T18:00:00,168.8518,18,4,False,False
2024-01-05T19:00:00,165.3228,19,4,False,False
2024-01-05T20:00:00,147.7078,20,4,False,False
2024-01-05T21:00:00,134.4313,21,4,False,False
2024-01-05T22:00:00,118.6408,22,4,False,False
2024-01-05T23:00:00,85.8252,23,4,False,False
2024-01-06T00:00:00,73.5312,0,5,False,False
2024-01-06T01:00:00,73.1914,1,5,False,False
2024-01-06T02:00:00,54.5598,2,5,False,False
2024-01-06T03:00:00,51.1982,3,5,False,False
2024-01-06T04:00:00,62.5225,4,5,False,False
2024-01-06T05:00:00,71.6336,5,5,False,False
2024-01-06T06:00:00,70.9228,6,5,False,False
2024-01-06T07:00:00,88.1385,7,5,False,False
2024-01-06T08:00:00,92.2612,8,5,False,False
2024-01-06T09:00:00,103.5035,9,5,False,False
2024-01-06T10:00:00,119.4815,10,5,False,False
2024-01-06T11:00:00,126.5289,11,5,False,False
2024-01-06T12:00:00,121.4779,12,5,False,False
2024-01-06T13:00:00,119.3196,13,5,False,False
2024-01-06T14:00:00,116.9922,14,5,False,False
2024-01-06T15:00:00,133.8493,15,5,False,False
2024-01-06T16:00:00,121.0360,16,5,False,False
2024-01-06T17:00:00,137.9339,17,5,False,False
2024-01-06T18:00:00,135.5021,18,5,False,False
2024-01-06T19:00:00,150.0044,19,5,False,False
2024-01-06T20:00:00,120.8604,20,5,False,False
2024-01-06T21:00:00,116.5161,21,5,False,False
2024-01-06T22:00:00,111.8416,22,5,False,False
2024-01-06T23:00:00,99.4962,23,5,False,False
2024-01-07T00:00:00,57.1596,0,6,False,False
2024-01-07T01:00:00,61.5600,1,6,False,False
2024-01-07T02:00:00,44.0402,2,6,False,False
2024-01-07T03:00:00,38.3024,3,6,False,False
2024-01-07T04:00:00,46.2751,4,6,False,False
2024-01-07T05:00:00,62.0779,5,6,False,False
2024-01-07T06:00:00,67.3350,6,6,False,False
2024-01-07T07:00:00,70.0744,7,6,False,False
2024-01-07T08:00:00,91.1716,8,6,False,False
2024-01-07T09:00:00,79.1239,9,6,False,False
2024-01-07T10:00:00,95.8281,10,6,False,False
2024-01-07T11:00:00,99.5262,11,6,False,False
2024-01-07T12:00:00,107.3238,12,6,False,False
2024-01-07T13:00:00,105.6077,13,6,False,False
2024-01-07T14:00:00,107.2585,14,6,False,False
2024-01-07T15:00:00,111.2883,15,6,False,False
2024-01-07T16:00:00,115.6682,16,6,False,False
2024-01-07T17:00:00,128.9861,17,6,False,False
2024-01-07T18:00:00,131.2778,18,6,False,False
2024-01-07T19:00:00,128.0200,19,6,False,False
2024-01-07T20:00:00,119.0623,20,6,False,False
2024-01-07T21:00:00,108.9634,21,6,False,False
2024-01-07T22:00:00,84.6369,22,6,False,False
2024-01-07T23:00:00,75.5204,23,6,False,False
2024-01-08T00:00:00,79.2495,0,0,False,False
2024-01-08T01:00:00,58.1889,1,0,False,False
2024-01-08T02:00:00,73.6064,2,0,False,False
2024-01-08T03:00:00,47.8848,3,0,False,False
2024-01-08T04:00:00,54.1159,4,0,False,False
2024-01-08T05:00:00,53.7593,5,0,False,False
2024-01-08T06:00:00,88.4546,6,0,False,False
2024-01-08T07:00:00,84.5512,7,0,False,False
2024-01-08T08:00:00,100.7372,8,0,False,False
2024-01-08T09:00:00,109.6927,9,0,False,False
2024-01-08T10:00:00,122.7763,10,0,False,False
2024-01-08T11:00:00,124.8259,11,0,False,False
2024-01-08T12:00:00,127.9033,12,0,False,False
2024-01-08T13:00:00,99.9207,13,0,False,False
2024-01-08T14:00:00,124.9455,14,0,False,False
2024-01-08T15:00:00,129.5044,15,0,False,False
2024-01-08T16:00:00,146.5542,16,0,False,False
2024-01-08T17:00:00,161.4567,17,0,False,False
2024-01-08T18:00:00,157.9493,18,0,False,False
2024-01-08T19:00:00,161.4684,19,0,False,False
2024-01-08T20:00:00,132.7604,20,0,False,False
2024-01-08T21:00:00,127.0572,21,0,False,False
2024-01-08T22:00:00,96.3032,22,0,False,False
2024-01-08T23:00:00,76.4418,23,0,False,False
2024-01-09T00:00:00,73.1339,0,1,False,False
2024-01-09T01:00:00,76.5781,1,1,False,False
2024-01-09T02:00:00,68.1180,2,1,False,False
2024-01-09T03:00:00,72.7485,3,1,False,False
2024-01-09T04:00:00,56.4890,4,1,False,False
2024-01-09T05:00:00,71.4569,5,1,False,False
2024-01-09T06:00:00,72.6787,6,1,False,False
2024-01-09T07:00:00,91.1667,7,1,False,False
2024-01-09T08:00:00,107.6578,8,1,False,False
2024-01-09T09:00:00,124.5816,9,1,False,False
2024-01-09T10:00:00,131.7295,10,1,False,False
2024-01-09T11:00:00,128.6145,11,1,False,False
2024-01-09T12:00:00,205.8869,12,1,True,False
2024-01-09T13:00:00,138.6065,13,1,False,False
2024-01-09T14:00:00,127.9950,14,1,False,False
2024-01-09T15:00:00,140.5674,15,1,False,False
2024-01-09T16:00:00,142.7467,16,1,False,False
2024-01-09T17:00:00,155.1507,17,1,False,False
2024-01-09T18:00:00,166.2591,18,1,False,False
2024-01-09T19:00:00,157.3360,19,1,False,False
2024-01-09T20:00:00,141.4814,20,1,False,False
2024-01-09T21:00:00,124.1625,21,1,False,False
2024-01-09T22:00:00,114.6841,22,1,False,False
2024-01-09T23:00:00,89.6849,23,1,False,False
2024-01-10T00:00:00,68.3026,0,2,False,False
2024-01-10T01:00:00,58.9237,1,2,False,False
2024-01-10T02:00:00,62.9465,2,2,False,False
2024-01-10T03:00:00,52.6710,3,2,False,False
2024-01-10T04:00:00,45.8038,4,2,False,False
2024-01-10T05:00:00,66.6682,5,2,False,False
2024-01-10T06:00:00,78.9793,6,2,False,False
2024-01-10T07:00:00,88.1926,7,2,False,False
2024-01-10T08:00:00,109.3469,8,2,False,False
2024-01-10T09:00:00,123.0683,9,2,False,False
2024-01-10T10:00:00,135.7521,10,2,False,False
2024-01-10T11:00:00,140.5874,11,2,False,False
2024-01-10T12:00:00,127.3544,12,2,False,False
2024-01-10T13:00:00,132.6466,13,2,False,False
2024-01-10T14:00:00,138.2322,14,2,False,False
2024-01-10T15:00:00,136.4001,15,2,False,False
2024-01-10T16:00:00,99.6309,16,2,False,True
2024-01-10T17:00:00,146.8612,17,2,False,False
2024-01-10T18:00:00,169.1501,18,2,False,False
2024-01-10T19:00:00,169.1324,19,2,False,False
2024-01-10T20:00:00,146.6402,20,2,False,False
2024-01-10T21:00:00,125.1563,21,2,False,False
2024-01-10T22:00:00,83.5953,22,2,False,False
2024-01-10T23:00:00,82.7004,23,2,False,False
2024-01-11T00:00:00,62.1313,0,3,False,False
2024-01-11T01:00:00,65.6797,1,3,False,False
2024-01-11T02:00:00,63.0140,2,3,False,False
2024-01-11T03:00:00,64.9508,3,3,False,False
2024-01-11T04:00:00,70.3355,4,3,False,False
2024-01-11T05:00:00,66.7897,5,3,False,False
2024-01-11T06:00:00,95.1692,6,3,False,False
2024-01-11T07:00:00,95.8013,7,3,False,False
2024-01-11T08:00:00,99.9100,8,3,False,False
2024-01-11T09:00:00,115.7133,9,3,False,False
2024-01-11T10:00:00,126.1395,10,3,False,False
2024-01-11T11:00:00,139.6244,11,3,False,False
2024-01-11T12:00:00,127.6890,12,3,False,False
2024-01-11T13:00:00,131.2634,13,3,False,False
2024-01-11T14:00:00,134.0931,14,3,False,False
2024-01-11T15:00:00,134.5075,15,3,False,False
2024-01-11T16:00:00,144.2468,16,3,False,False
2024-01-11T17:00:00,158.8349,17,3,False,False
2024-01-11T18:00:00,173.7092,18,3,False,False
2024-01-11T19:00:00,161.3470,19,3,False,False
2024-01-11T20:00:00,156.8816,20,3,False,False
2024-01-11T21:00:00,117.2475,21,3,False,False
2024-01-11T22:00:00,90.0699,22,3,False,False
2024-01-11T23:00:00,75.0584,23,3,False,False
2024-01-12T00:00:00,71.2246,0,4,False,False
2024-01-12T01:00:00,75.5967,1,4,False,False
2024-01-12T02:00:00,59.8768,2,4,False,False
2024-01-12T03:00:00,57.7766,3,4,False,False
2024-01-12T04:00:00,59.3652,4,4,False,False
2024-01-12T05:00:00,68.6893,5,4,False,False
2024-01-12T06:00:00,74.8163,6,4,False,False
2024-01-12T07:00:00,86.9350,7,4,False,False
2024-01-12T08:00:00,94.4045,8,4,False,False
2024-01-12T09:00:00,112.5451,9,4,False,False
2024-01-12T10:00:00,135.9151,10,4,False,False
2024-01-12T11:00:00,137.1086,11,4,False,False
2024-01-12T12:00:00,129.8727,12,4,False,False
2024-01-12T13:00:00,143.5141,13,4,False,False
2024-01-12T14:00:00,132.7473,14,4,False,False
2024-01-12T15:00:00,150.1241,15,4,False,False
2024-01-12T16:00:00,158.6654,16,4,False,False
2024-01-12T17:00:00,160.3938,17,4,False,False
2024-01-12T18:00:00,154.8258,18,4,False,False
2024-01-12T19:00:00,177.5226,19,4,False,False
2024-01-12T20:00:00,153.2425,20,4,False,False
2024-01-12T21:00:00,125.2718,21,4,False,False
2024-01-12T22:00:00,111.0381,22,4,False,False
2024-01-12T23:00:00,94.2370,23,4,False,False
2024-01-13T00:00:00,85.9099,0,5,False,False
2024-01-13T01:00:00,64.2714,1,5,False,False
2024-01-13T02:00:00,63.3346,2,5,False,False
2024-01-13T03:00:00,48.0011,3,5,False,False
2024-01-13T04:00:00,60.5291,4,5,False,False
2024-01-13T05:00:00,60.5483,5,5,False,False
2024-01-13T06:00:00,72.7456,6,5,False,False
2024-01-13T07:00:00,83.0734,7,5,False,False
2024-01-13T08:00:00,96.1295,8,5,False,False
2024-01-13T09:00:00,103.8817,9,5,False,False
2024-01-13T10:00:00,126.6750,10,5,False,False
2024-01-13T11:00:00,139.0471,11,5,False,False
2024-01-13T12:00:00,125.0795,12,5,False,False
2024-01-13T13:00:00,133.1860,13,5,False,False
2024-01-13T14:00:00,132.0897,14,5,False,False
2024-01-13T15:00:00,133.7925,15,5,False,False
2024-01-13T16:00:00,127.4545,16,5,False,False
2024-01-13T17:00:00,134.7414,17,5,False,False
2024-01-13T18:00:00,142.0573,18,5,False,False
2024-01-13T19:00:00,132.3619,19,5,False,False
2024-01-13T20:00:00,144.5037,20,5,False,False
2024-01-13T21:00:00,120.7943,21,5,False,False
2024-01-13T22:00:00,100.5653,22,5,False,False
2024-01-13T23:00:00,68.0211,23,5,False,False
2024-01-14T00:00:00,51.4500,0,6,False,False
2024-01-14T01:00:00,53.5266,1,6,False,False
2024-01-14T02:00:00,66.8544,2,6,False,False
2024-01-14T03:00:00,45.5383,3,6,False,False
2024-01-14T04:00:00,57.5229,4,6,False,False
2024-01-14T05:00:00,49.7227,5,6,False,False
2024-01-14T06:00:00,61.9068,6,6,False,False
2024-01-14T07:00:00,82.4321,7,6,False,False
2024-01-14T08:00:00,85.2727,8,6,False,False
2024-01-14T09:00:00,67.5004,9,6,False,True
2024-01-14T10:00:00,100.3806,10,6,False,False
2024-01-14T11:00:00,116.4729,11,6,False,False
2024-01-14T12:00:00,105.6001,12,6,False,False
2024-01-14T13:00:00,121.9136,13,6,False,False
2024-01-14T14:00:00,115.9327,14,6,False,False
2024-01-14T15:00:00,119.5213,15,6,False,False
2024-01-14T16:00:00,120.0187,16,6,False,False
2024-01-14T17:00:00,121.8358,17,6,False,False
2024-01-14T18:00:00,130.0579,18,6,False,False
2024-01-14T19:00:00,123.1487,19,6,False,False
2024-01-14T20:00:00,125.9750,20,6,False,False
2024-01-14T21:00:00,102.2671,21,6,False,False
2024-01-14T22:00:00,74.7736,22,6,False,False
2024-01-14T23:00:00,55.1967,23,6,False,False
